[
    {
        "Date": "2021-11-25",
        "firstName": "วรณัฐ",
        "lastName": "กิจสิริสกุลวงศ์",
        "id": "6309681366",
        "Year": "first",
        "Feild": "normal",
        "Phone": "0903701627",
        "TelHome": "",
        "Advisor": "อ.เสาลักษณ์",
        "numAdd": "276",
        "Moo": "4",
        "subDistrict": "",
        "district": "sdfsd",
        "city": "dfsgsdg",
        "postcode": "30250",
        "increase": "1",
        "cause": "ฟกฟกฟก",
        "table": [
            {
                "table_1": "cs213",
                "table_2": "c++",
                "table_3": "110001",
                "table_4": "อ.f",
                "table_5": "3",
                "table_6": "safa",
                "table_7": false
            }
        ],
        "TeacherApprove": "true",
        "TeacherReason": "safsaf"
    },
    {
        "Date": "2021-11-27",
        "firstName": "ณัฐดนัย",
        "lastName": "เข็มทอง",
        "id": "6309681846",
        "Year": "first",
        "Feild": "normal",
        "Phone": "0934412947",
        "TelHome": "",
        "Advisor": "ทรงศักดิ์",
        "numAdd": "112",
        "Moo": "1",
        "subDistrict": "",
        "district": "adad",
        "city": "diversity",
        "postcode": "10570",
        "increase": "1",
        "cause": "ฟกฟกฟก",
        "table": [
            {
                "table_1": "cs111",
                "table_2": "java",
                "table_3": "100001",
                "table_4": "อ.",
                "table_5": "3",
                "table_6": "ทรง",
                "table_7": false
            }
        ]
    }
]