[{
        "date": "2564-09-19",
        "studentFirstName": "ณัฐดนัย",
        "studentLastName": "ศรีทิพากร",
        "studentId": "6309681846",
        "studentYear": 2,
        "studyField": "วิทยากรคอมพิวเตอร์",
        "advisor": "ผศ.ดร. ทรงศักดิ์",
        "addressNumber": "111/111",
        "moo": "1",
        "tumbol": "ตต",
        "amphur": "ออ",
        "province": "จจ",
        "postalCode": "10000",
        "mobilePhone": "0901234567",
        "phone": "0123456789",
        "cause": "ลงผิดวิชา",
        "addSubjectList": [{
                "subjectCode": "CS101",
                "subjectName": "logic",
                "subjectSection": "100001",
                "subjectDate": "อ. พฤ 8.00น.",
                "subjectCredit": "3",
                "subjectTeacher": "อ.ม่วง",
                "subjectTeacherCheck": "true"
            },
            {
                "subjectCode": "CS111",
                "subjectName": "java",
                "subjectSection": "100001",
                "subjectDate": "อ. พฤ 8.00น.",
                "subjectCredit": "3",
                "subjectTeacher": "อ.ทรงศักดิ์",
                "subjectTeacherCheck": "false"
            }
        ]
    },
    {
        "date": "2564-09-19",
        "studentFirstName": "ณัฐดนัย",
        "studentLastName": "เข็มทอง",
        "studentId": "6309681847",
        "studentYear": 2,
        "studyField": "วิทยากรคอมพิวเตอร์",
        "advisor": "ผศ.ดร. ทรงศักดิ์",
        "addressNumber": "111/111",
        "moo": "1",
        "tumbol": "ตต",
        "amphur": "ออ",
        "province": "จจ",
        "postalCode": "10000",
        "mobilePhone": "0901234567",
        "phone": "0123456789",
        "cause": "ลงผิดวิชา",
        "addSubjectList": [{
            "subjectCode": "CS102",
            "subjectName": "programing",
            "subjectSection": "100001",
            "subjectDate": "อ. พฤ 8.00น.",
            "subjectCredit": "3",
            "subjectTeacher": "อ.ม่วง",
            "subjectTeacherCheck": "false"
        }]
    },
    {
        "date": "2564-09-19",
        "studentFirstName": "Jisoo",
        "studentLastName": "Kim",
        "studentId": "6309681848",
        "studentYear": 2,
        "studyField": "วิทยากรคอมพิวเตอร์",
        "advisor": "ผศ.ดร. ทรงศักดิ์",
        "addressNumber": "111/111",
        "moo": "1",
        "tumbol": "ตต",
        "amphur": "ออ",
        "province": "จจ",
        "postalCode": "10000",
        "mobilePhone": "0901234567",
        "phone": "0123456789",
        "cause": "ลงผิดวิชา",
        "addSubjectList": [{
            "subjectCode": "CS102",
            "subjectName": "programing",
            "subjectSection": "100001",
            "subjectDate": "อ. พฤ 8.00น.",
            "subjectCredit": "3",
            "subjectTeacher": "อ.ม่วง",
            "subjectTeacherCheck": "false"
        }],
        "TeacherApprove": "true",
        "TeacherReason": "true"
    }
]