[{"Name":"ภัทรดา ตันติพัฒน์","Faculty":"วิทยาลัยโลกคดีศึกษา","Email":"p@gmail.com","รายละเอียดEmail":"กรุณาติดต่อในเวลาราชการ","Lineid":"kie_45","รายละเอียดLine":"กรุณาติดต่อในเวลาราชการ","Facebook":"-","รายละเอียดFacebook":"-","โทรศัพท์":"0982765879","รายละเอียดโทรศัพท์":"กรุณาติดต่อในเวลาราชการ","ศูนย์":"rangsit","อาคาร":"7","ชั้น":"6","ห้อง":"47","รายละเอียดที่อยู่":"กรุณาติดต่อในเวลาราชการ"},{"Name":"วรณัฐ กิจสิริสกุลวง","Faculty":"วิทยาลัยสหวิทยาการ","Email":"b@gmail.com","รายละเอียดEmail":"กรุณาติดต่อในเวลาราชการ","Lineid":"baipor","รายละเอียดLine":"กรุณาติดต่อในเวลาราชการ","Facebook":"-","รายละเอียดFacebook":"-","โทรศัพท์":"0985645632","รายละเอียดโทรศัพท์":"กรุณาติดต่อในเวลาราชการ","ศูนย์":"rangsit","อาคาร":"5","ชั้น":"6","ห้อง":"856856","รายละเอียดที่อยู่":"กรุณาติดต่อในเวลาราชการ"},{"Name":"jklolasdksa;lkd","Faculty":"คณะสังคมวิทยาและมานุษยวิทยา","Email":"wad","รายละเอียดEmail":"efw","Lineid":"wad","รายละเอียดLine":"fewf","Facebook":"dawd","รายละเอียดFacebook":"few","โทรศัพท์":"0903701627","รายละเอียดโทรศัพท์":"ewf","ศูนย์":"thaprachan","อาคาร":"fds","ชั้น":"4","ห้อง":"21","รายละเอียดที่อยู่":"fqef"},{"Name":"jklolasdksa;lkd","Faculty":"คณะวิทยาการเรียนรู้และศึกษาศาสตร์","Email":"sd","รายละเอียดEmail":"dwadawd","Lineid":"wad","รายละเอียดLine":"csaghdfhfd","Facebook":"dawd","รายละเอียดFacebook":"sadsada","โทรศัพท์":"0903701627","รายละเอียดโทรศัพท์":"csacsac","ศูนย์":"thaprachan","อาคาร":"wad","ชั้น":"2","ห้อง":"21","รายละเอียดที่อยู่":"fsdfdsf"}]