[
    {
        "id": "6309681143",
        "receiveForm": true,
        "tb1": "12kj12jop",
        "teacherSign": true,
        "tb2": "",
        "teacherApprove": true,
        "tb3": "",
        "adminComment": true,
        "tb4": "",
        "complete": false,
        "tb5": ""
    },
    {
        "id": "6309681366",
        "receiveForm": true,
        "tb1": "",
        "teacherSign": true,
        "tb2": "dsf",
        "teacherApprove": true,
        "tb3": "",
        "adminComment": false,
        "tb4": "",
        "complete": false,
        "tb5": ""
    }
]