[{"firstname":"นิธิรัตน์","lastname":"มณีผ่อง","regnumber":"6309681143"},
{"firstname":"ภัทรดา","lastname":"ตันติพัฒน์","regnumber":"6309681192"},
{"firstname":"วรณัฐ","lastname":"กิจสิริสกุลวงศ์","regnumber":"6309681366"},
{"firstname":"บุษยา","lastname":"ไชยคาม","regnumber":"6309610100"},
{"firstname":"ทรงอัปสร","lastname":"พงษ์สามารถ","regnumber":"6309681341"},
{"firstname":"ณัฐวุฒิ","lastname":"เอี่ยมหุ่น","regnumber":"6309525019"},
{"firstname":"สุดธิดา","lastname":"ปฏิมากรพงศ์","regnumber":"6309680103"},
{"firstname":"ศริกาญน์","lastname":"ฤกษ์มงคลวิทย์","regnumber":"6309681283"},
{"firstname":"พีรพงศ์","lastname":"ภาคภูมิ","regnumber":"6309680038"},
{"firstname":"ณัฐดนัย","lastname":"เข็มทอง","regnumber":"6309681846"},
{"firstname":"ธีรธัช","lastname":"เลิศวิริยจิตต์","regnumber":"6309682240"},
{"firstname":"ธัญพงศ์","lastname":"เปล่งวิทยา","regnumber":"6309682083"}]