[{  "dateformat":"2021-06-25",
    "ffname":"นาย",
    "firstname":"ธัญพงศ์",
    "lastname":"เปล่งวิทยา",
    "regnumber":"6309682083",
    "year":"2",
    "field":"comsci",
    "address":"---",
    "moo":"--",
    "tumbol":"แสมดำ",
    "amphur":"บางขุนเทียน",
    "province":"กรุงเทพ",
    "postcode":"10150",
    "mobilephone":"093 000 0000",
    "phone":"0123456789",
    "teachers":"อจ someone",
    "cause": "2",
    "addSubjectList1":{
        "nosubject":"CS101",
        "namesubject":"discrete",
        "section":"xxx",
        "datetime":"2021-11-10T19:39",
        "value1":"2",
        "nameteacher":"xxx",
        "confirm_order":false
        },
    "addSubjectList2":{
        "nosubject":"xxx",
        "namesubject":"xxx",
        "section":"xxx",
        "datetime":"2021-11-10T19:39",
        "value":"2",
        "nameteacher":"xxx",
        "confirm_order":false
        }
    }

, {
    "dateformat": "2021-08-25",
    "firstname": "Jisoo",
    "lastname": "Kim",
    "regnumber": "6309610100",
    "year": 2,
    "field": "วิทยากรคอมพิวเตอร์",
    "advisor": "ผศ.ดร. ทรงศักดิ์",
    "address": "111/111",
    "moo": "1",
    "tumbol": "ตต",
    "amphur": "ออ",
    "province": "จจ",
    "postcode": "10000",
    "mobilephone": "0901234567",
    "phone": "0123456789",
    "teachers":"อจ someone",
    "cause": "2",
    "addSubjectList1": {
        "nosubject": "CS102",
        "namesubject": "programing",
        "section": "100001",
        "datetime": "อ. พฤ 8.00น.",
        "value": "3",
        "nameteacher": "อ.ม่วง",
        "confirm_order": false
        },
    "addSubjectList2": {
        "nosubject": "CS102",
        "namesubject": "programing",
        "section": "100001",
        "datetime": "อ. พฤ 8.00น.",
        "value": "3",
        "nameteacher": "อ.ม่วง",
        "confirm_order": false
        }
    },


    {
        "dateformat": "2021-08-25",
        "firstname": "ณัฐดนัย",
        "lastname": "ศรีทิพากร",
        "regnumber": "6309681846",
        "year": 2,
        "field": "วิทยากรคอมพิวเตอร์",
        "advisor": "ผศ.ดร. ทรงศักดิ์",
        "address": "111/111",
        "moo": "1",
        "tumbol": "ตต",
        "amphur": "ออ",
        "province": "จจ",
        "postcode": "10000",
        "mobilephone": "0901234567",
        "phone": "0123456789",
        "teachers":"อจ someone",
        "cause": "2",
        "addSubjectList1": {
            "nosubject": "CS111",
            "namesubject": "java",
            "section": "100001",
            "datetime": "อ. พฤ 8.00น.",
            "value": "3",
            "nameteacher": "อ.ม่วง",
            "confirm_order": false
            },
        "addSubjectList2": {
            "nosubject": "CS102",
            "namesubject": "programing",
            "section": "100001",
            "datetime": "อ. พฤ 8.00น.",
            "value": "3",
            "nameteacher": "อ.ม่วง",
            "confirm_order": false
            }
        }, 
{
        "dateformat": "2021-08-25",
        "firstname": "ณัฐดนัย",
        "lastname": "เข็มทอง",
        "regnumber": "6309681847",
        "year": 2,
        "field": "วิทยากรคอมพิวเตอร์",
        "advisor": "ผศ.ดร. ทรงศักดิ์",
        "address": "111/111",
        "moo": "1",
        "tumbol": "ตต",
        "amphur": "ออ",
        "province": "จจ",
        "postcode": "10000",
        "mobilephone": "0901234567",
        "phone": "0123456789",
        "teachers":"อจ someone",
        "cause": "2",
        "addSubjectList1": {
            "nosubject": "CS111",
            "namesubject": "java",
            "section": "100001",
            "datetime": "อ. พฤ 8.00น.",
            "value": "3",
            "nameteacher": "อ.ม่วง",
            "confirm_order": false
            },
        "addSubjectList2": {
            "nosubject": "CS102",
            "namesubject": "programing",
            "section": "100001",
            "datetime": "อ. พฤ 8.00น.",
            "value": "3",
            "nameteacher": "อ.ม่วง",
            "confirm_order": false
            }
        }]