[
    {
        "id": "6309681143",
        "name": "nitirat@dome",
        "password": "6309681143",
        "username": "นิธิรัตน์ มณีผ่อง",
        "firstname":"นิธิรัตน์",
        "lastname":"มณีผ่อง"
    },
    {
        "id": "6309681192",
        "name": "pattarada@dome",
        "password": "6309681192",
        "username": "ภัทรดา ตันติพัฒน์",
        "firstname":"ภัทรดา",
        "lastname":"ตันติพัฒน์"
    },
    {
        "id": "6309681366",
        "name": "woranut@dome",
        "password": "6309681366",
        "username": "วรณัฐ กิจสิริสกุลวงศ์",
        "firstname":"วรณัฐ",
        "lastname":"กิจสิริสกุลวงศ์"
    },
    {
        "id": "6309610100",
        "name": "busaya@dome",
        "password": "6309610100",
        "username": "บุษยา ไชยคาม",
        "firstname":"บุษยา",
        "lastname":"ไชยคาม"
    },
    {
        "id": "6309681341",
        "name": "song-ap-son@dome",
        "password": "6309681341",
        "username": "ทรงอัปสร พงษ์สามารถ",
        "firstname":"ทรงอัปสร",
        "lastname":"พงษ์สามารถ"
    },
    {
        "id": "6309525019",
        "name": "natthawut@dome",
        "password": "6309681341",
        "username": "ณัฐวุฒิ เอี่ยมหุ่น",
        "firstname":"ณัฐวุฒิ",
        "lastname":"เอี่ยมหุ่น"
    },
    {
        "id": "6309680103",
        "name": "suthida@dome",
        "password": "6309680103",
        "username": "สุดธิดา ปฏิมากรพงศ์",
        "firstname":"สุดธิดา",
        "lastname":"ปฏิมากรพงศ์"
    },
    {
        "id": "6309681283",
        "name": "sirikan@dome",
        "password": "6309681283",
        "username": "ศริกาญน์ ฤกษ์มงคลวิทย์",
        "firstname":"ศริกาญน์",
        "lastname":"ฤกษ์มงคลวิทย์"
    },
    {
        "id": "6309680038",
        "name": "pheraphong@dome",
        "password": "6309680038",
        "username": "พีรพงศ์ ภาคภูมิ",
        "firstname":"พีรพงศ์",
        "lastname":"ภาคภูมิ"
    },
    {
        "id": "6309681846",
        "name": "natdadai@dome",
        "password": "6309681846",
        "username": "ณัฐดนัย เข็มทอง",
        "firstname":"ณัฐดนัย",
        "lastname":"เข็มทอง" 
    },
    {
        "id": "6309682240",
        "name": "theerathat@dome",
        "password": "6309682240",
        "username": "ธีรธัช เลิศวิริยจิตต์",
        "firstname":"ธีรธัช",
        "lastname":"เลิศวิริยจิตต์" 
    },
    {
        "id": "6309682083",
        "name": "thanyaphong@dome",
        "password": "6309682083",
        "username": "ธัญพงศ์ เปล่งวิทยา",
        "firstname":"ธัญพงศ์",
        "lastname":"เปล่งวิทยา" 
    },
    {
        "id": "5000000001",
        "name": "siri@staff",
        "password": "5000000001",
        "username": "ศิริ เปล่งวิทยา",
        "firstname":"ศิริ",
        "lastname":"เปล่งวิทยา" 
    },
    {
        "id": "5000000002",
        "name": "pornthip@dome",
        "password": "5000000002",
        "username": "ภรณ์ทิพย์ นาคหิรัญกนก",
        "firstname":"ภรณ์ทิพย์",
        "lastname":"นาคหิรัญกนก"
    }
]