[{"sub":"St326","namesub":"สถิติประยุกต์","status":"ถอน"},{"sub":"Cs300","namesub":"สอบโปรแกรม","status":"ถอน"},{"sub":"Cs299","namesub":"วิชากราฟฟิก","status":"ถอน"},{"sub":"","namesub":"","status":""},{"sub":"","namesub":"","status":""},{"sub":"","namesub":"","status":""},{"sub":"","namesub":"","status":""},{"sub":"","namesub":"","status":""},{"sub":"","namesub":"","status":""},{"sub":"","namesub":"","status":""}]